x,y,target
0.3544735709651659,0.1732000357566822,1
0.3169263905566438,0.343847503888088,1
0.24937231522282172,-0.25262171335713923,1
-0.7911152377264735,-0.5497750941691358,0
0.7780074627072163,0.569705629281166,0
0.9104830323105153,0.4051844722177872,0
0.31191672938396975,0.30704980834411444,1
-0.9680855422660963,0.015493488271886114,0
0.6021392077379759,-0.8255506987397219,0
-0.1493760300475386,-0.34610732055432475,1
-0.7341632270733834,0.6386345576108095,0
0.9512616500507444,-0.2794804515740924,0
-0.9719322062045309,0.34386349909256003,0
-0.453837171503609,-0.9306905396975925,0
0.2430200171511344,0.9437897680110866,0
0.16268891096082636,0.412375635321251,1
0.4553917666412386,-0.09931640305044855,1
-0.9079160255020711,0.3931897461917586,0
0.6616314751804006,0.7653072842316007,0
0.9649859121049813,-0.4436025123316804,0
0.4124507580602671,0.8507992396392412,0
0.8563449252016407,0.43424451502209954,0
-0.5599157278867216,-0.8012086191806767,0
0.42518328799888755,0.23340362663249348,1
-0.8908040151025243,-0.364919920227219,0
1.15369512434497,0.00766557675820117,0
-0.26653120302899314,-0.43352449305081286,1
0.3629108378885796,-0.10582095251646755,1
-0.13833441379162897,-0.4385241431297324,1
-0.1056453374461773,-0.3951864914234974,1
-0.835184062242363,0.45776358366584846,0
0.8349321883512042,0.60245188237729,0
0.3863101630185943,-0.0380335854048508,1
-0.08750405257243782,0.37252272173444545,1
-0.21030901348160153,-0.22666593763579287,1
0.19284380669873596,1.1071817358153666,0
-0.9667705009077623,-0.10316952274297313,0
0.32076431670399175,1.0330001828739785,0
0.3519732684734681,0.0332922238126253,1
0.3071887369160989,-0.15479889674657846,1
-0.39680911145521647,0.30445895233280756,1
-0.2689537638786038,-0.07328168754803267,1
0.3083077886352938,0.1323654780899943,1
0.36468717578040416,1.0329957499738796,0
-0.05879051788801889,0.4125342635019932,1
0.537362328424001,-0.8398572369720028,0
0.5569987181193635,-0.7355984835167727,0
0.6745199625028854,0.7460230500964309,0
0.4485536863681408,0.9333756283673608,0
0.0517832344681759,1.0318034136731495,0
-0.2601721353420195,0.8873033132931912,0
1.0007459750274812,0.13407573943091472,0
0.35672831096094815,0.9659704399630672,0
0.8734603418321292,-0.6046252903661591,0
-0.8416541747207248,0.31296407404413384,0
0.03300416639142571,0.4854230343477264,1
0.14088443046762747,-0.3336759834303453,1
1.0117436934314676,0.07215667998201648,0
-0.021787376592626785,-0.43246568538799607,1
0.041700086822655705,-0.3553429518360087,1
-0.4204911795001625,-0.07818716398583857,1
-0.8896241764519472,-0.6284013087290119,0
0.45216445213571854,0.08056452313829654,1
-0.7627164492320196,0.6930222334420222,0
0.6721961853526546,0.5792600530849582,0
-0.3359836172934966,-0.2423220665273186,1
0.45024056855337746,0.9429256679638203,0
-0.4588674523450821,0.8545940534884016,0
0.26418750039233707,0.29945458296928107,1
0.2174901463198437,0.2645123748019106,1
0.3451494744441678,0.009772208563025797,1
-0.3131340327516215,-0.30963013475717055,1
-0.33556637274924,0.15402735010678203,1
0.16350121396642103,-0.39778972688386716,1
0.7389729523061441,0.8195934927296114,0
-0.030056510724448662,0.2591339250544902,1
0.3284032123276167,0.01677904472591877,1
0.21765192465925418,0.9995152083560993,0
0.325018957491726,0.21307284599767745,1
-0.277746871741914,-0.21132491645913967,1
0.2912743120593864,0.28706364006742097,1
0.2063561633315212,1.0090899000639537,0
-0.14800146258367283,-0.340899924260658,1
0.3244384292583954,0.8879261993625196,0
0.2367360361474084,-0.3117141810242975,1
0.28531168196388657,0.34438812369481814,1
0.3653660738526514,-0.14793512455272245,1
0.00402039529758956,-0.41433717892070665,1
-0.43940585117246245,-0.23238579094164574,1
0.18427787232330695,-0.36237332283420504,1
1.04603690171634,-0.11325460379821245,0
0.3713118256876041,-0.010683543787999536,1
-0.3399209675777375,0.18274308068636935,1
-0.1482406343280396,0.3428072932252718,1
-0.3172308165536774,0.1671654960122009,1
0.20915670693958044,0.3999926850352737,1
0.10397143392211532,-0.3844164613012505,1
0.22314154304689593,0.36415175971660285,1
0.1883936187558269,-0.975185408497014,0
0.9757748695837315,0.3475870312141708,0
0.31928130929964754,-0.12401191664783234,1
-0.8655591039413828,0.5783593406265735,0
-0.158532039082823,1.0162534338690428,0
1.0012617409169982,-0.3040527675790652,0
0.40010596893965666,-0.9780661827778174,0
0.967422111515839,-0.0975254292759668,0
-0.252726445614267,0.23372907890088887,1
-0.587725880046874,0.766504277625165,0
0.44207145573773216,0.026959695267474704,1
-0.9758042579690732,0.31287837463209683,0
-0.0975169335864256,-1.0744498269771627,0
-0.1339527659332622,-0.3419159645084692,1
-0.36378570071804,0.2096422371006156,1
0.31748989969084235,0.3771743538461092,1
0.12018470417482228,-0.3419379863765351,1
0.31516689398834286,-0.2960682986983655,1
0.039353231148355906,-0.4195119095868095,1
0.616945938793163,0.6921311313523772,0
-0.42440338770052893,0.15165229629644783,1
-0.8998057557715103,0.32825489072404096,0
0.8927512108672011,-0.27487469491029687,0
0.12491770720588284,0.2601330871846283,1
-0.4459678813328219,-0.9540785114578936,0
-0.7203537011242265,0.6857705685795691,0
0.7232996956167616,-0.771981610291389,0
-0.2487103113607377,0.9092449571616323,0
-0.380715101593834,0.03215364355532331,1
0.4064382190434694,0.1671116725392894,1
0.28353358624303976,-1.0500957620058342,0
-0.4091071393579889,0.1594970767858821,1
0.2900170922325752,-0.2388233065609081,1
-0.971139996367192,0.3178346833024991,0
-0.6655930553727822,-0.7087476368063208,0
0.12609862571171906,-0.43158636396542066,1
-0.2753526782548097,-0.20639425472970643,1
-0.46296641714530323,-0.16155919751718678,1
0.1748810462103312,-0.30765679349652003,1
0.309088326129535,0.3389633930436964,1
-0.9137198639414227,-0.1315821225272603,0
-0.13093332535828459,1.042723017173395,0
0.05722444741974276,0.3466422631148733,1
-0.9808999275310852,0.047011584184147026,0
-0.2936190893038348,-0.3541963825723753,1
-0.45645847341910656,-0.08350995894433802,1
-0.6850310502231406,0.7218693331792202,0
-0.4160856982520438,0.9395346217822044,0
0.9711394301801317,0.13263324750978137,0
0.9488470448583841,0.03876339199382096,0
0.25142625712087896,0.29891086664478217,1
0.03648724218549667,-0.2985178476705416,1
-0.21698944273251103,0.34843084159616317,1
0.24417392612974995,0.2704059971798524,1
0.6027572375076771,-0.7348510228606248,0
-0.3277643109515973,-0.29996699771203855,1
-0.35273828067508967,-0.03624786381884825,1
-0.38946025519499966,-0.9242626785199397,0
0.11324261032952987,0.4298186914011211,1
0.06653556274044,-0.4404215117711682,1
1.0551599542253352,-0.13120554722414626,0
-0.1300475346586559,-1.042277501290274,0
-0.4562906544143956,-0.01243758869029033,1
0.2297536167817212,-0.23514227946165306,1
-1.0234666222698146,0.10992363798988433,0
-0.6350858918275047,-0.7101360898373306,0
-0.9847891377779072,0.1034068456155731,0
0.21843232644063257,0.3394191928901198,1
0.8173353296865935,0.4498849293200788,0
0.40676633101196724,0.050370759750871213,1
-0.971835318929488,-0.2714633032800652,0
-0.3612881032027371,0.2353412716153525,1
0.9101616590510664,-0.21069276554923685,0
-0.2618052965682231,-0.3010060348666187,1
0.90078746475152,-0.26102589185222413,0
-0.7740432536760328,-0.5285944198143381,0
0.1957033897047052,-0.3573592950665552,1
0.16104977048258623,-0.3660978626189343,1
0.6585505278954056,-0.7517026318811512,0
0.3666050189304657,0.16368524571907297,1
-0.9866553793897923,0.29240414178768065,0
0.30946768847690037,1.0134654701968502,0
0.24631241296941359,-0.34895150736329894,1
-0.33493987892266885,-0.16462999732616354,1
0.5393908464566297,-0.8697793710002338,0
-0.9442143772602837,0.21112117517191015,0
0.1307534035377456,0.4166422292846845,1
0.579928758800187,-0.7850375784535231,0
0.9407118472290383,0.42926255855816253,0
0.6400006546208808,-0.7880471623982611,0
0.18437532062739567,0.4384025374687916,1
-0.09424724298945619,0.28471013501249887,1
-0.23052471861994184,0.3892517314183936,1
0.23456636791682783,-0.36635258943696164,1
0.8613952126630138,-0.6031725901150008,0
-0.07858394326427481,1.0196593077973573,0
-0.35266832778347523,-0.18835233070887172,1
-0.26601414738093254,-0.9729119979666024,0
0.4482627744319305,0.9546807015816987,0
-0.4434337059479155,-0.8793841988479197,0
0.7072177783913683,-0.6053546813867586,0
-0.40836724339506414,0.14885704843515482,1
-0.42634387757342507,0.1197388448533445,1
0.43113924809989806,0.16206171102637443,1
-0.7277559332988468,-0.7210151845267502,0
-0.9689902554420692,0.01329915286063008,0
0.3107164070735579,-0.15131781572799535,1
-0.08660849790182043,-0.410488070170787,1
-0.5921565608261328,-0.8234745305814757,0
0.1741827455277743,-0.2611637302460114,1
1.0436141077400334,-0.1259592163638857,0
0.3677193224201443,-0.0014474166322112616,1
-0.14643485031248257,0.4645295402604264,1
0.9831045496864128,0.11398477501799428,0
0.11756372908201643,0.359255566364286,1
0.07757034096848152,0.384591003870377,1
-0.2851493878018699,-0.003768296361896375,1
-0.48982840728068294,0.12861945137291525,1
-0.02725387716496955,0.3396000664195238,1
-0.907472213088671,-0.5999977650509231,0
0.21568190838594012,1.002532626057778,0
-0.7687639253528112,0.7797754236161154,0
-0.9548632010172619,0.059917798914605296,0
0.08256037695367734,-0.44884359148051245,1
0.9535424886515987,0.11913633036252162,0
-0.9551149110173507,-0.3655115797693039,0
0.0367610498141204,-0.9236658401467348,0
0.82820209125357,0.5631722261116191,0
-1.0417806611206277,-0.061382598959932325,0
0.1439858546102954,0.34243850729027153,1
-0.371181888772488,0.047361640953835,1
-0.2998398562267187,0.27264199443854875,1
-0.5075139131449028,0.8674953918149375,0
0.2999839667038223,0.9780619322276968,0
-0.9987981392917893,0.06331331143216459,0
0.3240654635412794,-0.3081037560083328,1
-0.47578624164494937,-0.9506814564171546,0
-0.23761319998839106,0.2561164186230921,1
-0.790662443131708,0.6839460423977255,0
-0.3932973499564773,-0.9259295170246936,0
-0.15471330108787068,0.4091047163556039,1
0.9462073369165389,0.22551371786527158,0
0.939589374069584,-0.29876406870439287,0
0.3860875684901332,-0.10635067647250902,1
-0.31823229897772043,-0.21606256213653147,1
0.8993260138710805,0.3833730358978802,0
-0.016685737980851455,0.38353416352173303,1
-0.007605468793271848,-0.36779497444834325,1
0.93921685035807,0.013912416204662525,0
0.39339828227585266,0.14058509806139904,1
-0.8398738416803818,-0.553920637301474,0
-0.0014973463850049486,-0.49259554253827315,1
0.13418552983658563,0.36472918963316464,1
-0.13958376042253953,-0.2582459971431926,1
0.6240792407911391,0.7824991612818131,0
-0.6098947619125942,0.7984328511579798,0
-0.6678236963873297,0.7570325697354183,0
0.6572914094301255,0.8485899467852451,0
-1.0209658383968678,0.2673536245453449,0
-0.1888123277503588,0.35378091614973656,1
0.7716631986115545,0.6972754797092217,0
0.4047219651788674,-0.11129173125448154,1
-0.02828153240440921,0.9409754971549392,0
-0.3142852681461751,-0.9543012885197473,0
0.5393484692321767,0.8526666097690458,0
-0.10513052277819554,1.0751033652425919,0
-0.3149591393579515,-0.18151988009086065,1
-0.683481619673854,0.5217819503242856,0
-0.4364127296582931,-0.9111620236573906,0
0.9380774456270119,-0.31533633269970274,0
-0.18569221837630256,-1.0312110531627878,0
-0.9628866131032183,0.05044655016848571,0
0.9767484370838493,0.13987267776911602,0
-0.3944053272652362,0.19750127948470278,1
-0.7389624088016138,-0.6809855785331187,0
1.0458650085711407,-0.2386219671154821,0
0.7867061377820239,0.7752047736219662,0
0.3284051501109735,0.1928807026781514,1
-0.4118849341210172,0.044911059167462776,1
0.34583886944085873,0.9811947043215195,0
-0.36948164145459444,0.16030889287519842,1
-0.3812495809595405,-6.900858151929507e-05,1
-0.87780212691588,-0.26735212562281774,0
0.38412581581914534,0.2332180088158944,1
-0.48605489900038257,0.07314143509785029,1
-0.5238085231407054,-0.7106267231753824,0
0.33215527627067953,0.2599426679572782,1
0.04702152790103525,-1.0508947877485812,0
-0.5310424775442282,-0.7281233684054328,0
1.0201337661200394,0.3362265781112469,0
-0.7543456613420545,0.5618588089196728,0
-0.7003473600596581,-0.6775645344704042,0
-0.9920729447590894,-0.15059758896991116,0
-0.3782421684349439,0.02154876675114516,1
-0.4296490638855062,-0.9179462046025334,0
0.7250339604955868,0.5940366432421939,0
0.018978396012299642,-0.34008890596975855,1
-0.7935919992793979,0.45061785223531975,0
-0.40676321414148414,-0.03987308236910968,1
0.2800969514115232,-0.19939856174058232,1
0.9730355066997942,0.03408643916660088,0
-0.5723166782743956,-0.8086711964674302,0
0.03252973056404583,-0.29474616442426943,1
-0.3355255967009721,0.26713394433502413,1
0.3793701341167407,0.2422859833411898,1
0.39808772252601926,-0.915363810668703,0
-0.19379429575120585,-0.29298781200532725,1
-0.396326223463005,-0.14683108001195408,1
-0.26887131062448216,0.1889354212214231,1
1.030024878146886,0.13019189378470594,0
0.26704270494511034,-0.22376738912766403,1
-0.09779428035681881,-0.3741690074710237,1
-0.38467548018999037,0.06332253438043202,1
0.8842003187508697,0.5024462615249725,0
-0.3405420883571391,-0.8731956621237434,0
0.2513182836652428,0.9103020551951199,0
-1.0100791824396618,-0.1386138544620953,0
-0.9100268838622957,0.5202490740345329,0
0.07061341813839812,-0.23519308664492922,1
-0.2819272748575927,-0.25958922479268526,1
0.23863199765360021,-0.4068646535475705,1
-0.23248642224152094,0.23824138924366678,1
0.07229223567953172,-0.3698602791261712,1
0.32917496217426306,-0.9867282937683408,0
0.7649979852128058,-0.619895710915101,0
-0.324377943625733,0.33211783206092926,1
0.2530739031342423,0.9234793479801244,0
-0.22318408979190796,-0.2827306608597819,1
1.0066458653596657,-0.165010279673301,0
0.9527677337395335,0.11615802991897495,0
-0.5539644819678746,0.7942505262079609,0
-0.9845124773492832,0.026165188485669975,0
-0.3045424723823048,0.10397743041356249,1
-0.7302575574637631,0.7610528035259977,0
0.9622282579716037,0.1080493538511205,0
0.4343314520759516,0.843495619526758,0
0.3244166697899095,-0.180946407670816,1
0.7481295656513327,0.6812191644235631,0
0.16011191118722418,0.2643478443596009,1
-1.0207646872262173,0.26342363459401985,0
-0.4253767959399422,-0.03627205719438931,1
0.058575954983339305,-0.3578867032443769,1
-0.06782105100916058,0.33228365921348996,1
-0.4528866832415966,-0.008177784188691728,1
-0.40807464740632654,0.27958341678526744,1
0.3857533022992874,-0.11131189456187628,1
-0.9582303367124687,-0.3785148061853931,0
-0.4623789065543096,0.1369066379739542,1
0.10520834876317559,0.3855726946826682,1
-0.3612832243702283,-0.012517537212404714,1
-0.25465205901227855,-0.35402776275197556,1
-0.903272398337212,-0.36717954795029173,0
0.3537032669496987,0.9185654360437763,0
-0.3501104476712431,0.20442976231735688,1
0.3044017218342032,0.23129537131209724,1
-0.4037624740644444,0.10695196621911009,1
-0.30051666614527167,-0.2707539529503305,1
0.5762964858191075,-0.7562409763923144,0
-0.3461691321492498,0.20554380835327513,1
0.6501565360108005,0.7299758331308553,0
-0.3315107461906689,0.30677634009609045,1
0.8299635039777263,0.5255159517467015,0
-0.40680589507030807,-0.07560204591762104,1
0.12187290410922898,-0.4448815855641958,1
0.6641845242237735,-0.6401683987320981,0
-0.696285823842662,0.7710253850733567,0
0.21189783383923402,0.9768040124760857,0
0.4497869330778222,0.061005252189488275,1
0.4226163839402195,-0.9910184142736324,0
0.3251866272735083,0.18951814417182433,1
0.014068185843806464,0.39259747089013886,1
0.344574803828892,0.24682413089091615,1
-0.567433018139581,-0.7507151545964207,0
-0.35966920256106816,-0.06388552450370089,1
0.3428291268121672,-0.12950595113914182,1
-0.353355861298689,0.023207323857023596,1
-0.4019940387332468,0.03370963073880092,1
-1.1290891290802247,0.027258190567094293,0
-0.9287852535063567,-0.33980413249110136,0
0.21193114667306912,-0.31409294779707225,1
-0.21397213683958033,-0.967555728145044,0
-0.3770809384220943,0.9179542791268382,0
-0.9032210598895152,-0.01574391578058225,0
0.11878950545038097,0.3448976772578967,1
0.813014080444778,-0.5144152441267985,0
0.19455756912538827,-0.4178034948468971,1
-0.13318885315399057,-0.3268483578345111,1
0.24677470004489566,0.26391499128551543,1
-0.09102390238599668,0.8882604650210701,0
0.1653295823591094,0.4346321169748664,1
-0.6250881838760962,-0.7571304181921663,0
-0.1721085254490438,-0.3899422253167907,1
-0.23295341432579927,0.2360791437838818,1
0.994754261282143,0.11827153400263586,0
-0.7258106695314234,0.6861055971992891,0
0.9760765427086198,0.2744220241645539,0
0.35079621213622236,0.27823340785911216,1
-0.8461747489270812,0.5350921921870905,0
-0.3448335631295163,0.8570871468239285,0
0.15346477214767232,-0.3125236230671561,1
0.41522287375350125,-0.14346056137596444,1
-0.6728245421191744,0.6341556706621695,0
-0.03670977158674749,0.34985529154082673,1
-0.7458957997912066,-0.6449648487670273,0
0.9838817230847946,-0.02624637535594503,0
-0.15029661720770437,-0.41207965692683995,1
0.7280502804162662,-0.553337122338858,0
-0.12104168889121757,0.31920872771738146,1
-0.12070798848437654,0.40985931725794367,1
0.3008825676929977,-0.2775393088545934,1
0.40097031680145284,-0.12697651828242734,1
-0.2699702336316545,0.22108379168804015,1
0.3129040477346895,0.22861975028856119,1
-0.29393798931340037,-0.15878429365253804,1
0.29979510602810433,-0.23516432676073243,1
-0.8585362657897151,0.574668722648463,0
0.07927964865342167,-0.33444677244275745,1
-0.2140637537101988,-0.9717649200180045,0
0.3818873672047264,-0.15308397410871244,1
-0.9195907525601577,-0.3226219396091103,0
0.34470732395857606,-0.1253066174275294,1
-0.6482523607147698,-0.8778524770974806,0
-0.9282372990029507,0.34508674886352797,0
0.22049172608013023,-0.29675395168175583,1
-0.6637949854444866,-0.686319991065098,0
-0.10900035264463882,-0.37910902624929266,1
-0.717736098647982,-0.68451668118259,0
-1.033875009549092,-0.15965197185063842,0
1.0212181126411053,-0.08757697743253215,0
-0.6251186037062252,-0.7297490336674182,0
-0.09502535436905991,-1.0040449122754287,0
-0.3142444455663287,0.2692701910343974,1
0.25923828367304286,-0.28156874379440533,1
-0.5460187698635116,-0.8003421607602019,0
-0.533273288845845,0.7335262983195892,0
-0.27343086935347405,0.9952834578351976,0
-0.3746673244724814,0.9967435513936282,0
0.39783517187934386,0.8782454131825307,0
-0.08483297315222033,0.38105701917268475,1
-0.002779535053470927,0.9287518799951694,0
-0.4186270787027834,0.008667176452275629,1
0.07560672186690784,0.4335104962492417,1
0.8638317174378981,-0.38181058481050345,0
0.9798596555571883,0.07848869310605894,0
0.3093905919244572,0.23626150270338064,1
-0.3300966240276663,-0.11960463758333498,1
0.37807747073964176,0.22301127026069045,1
-0.11963474300053817,0.3889722309836966,1
-0.14725099359012087,1.03267367911088,0
-0.15021394306779215,0.9969064737402555,0
-0.3854639292976905,-0.9009466218554396,0
-0.20961029132906048,0.4468413761808426,1
-0.3767244144924926,-0.282045237490004,1
0.2798051606879107,-0.27969890317128493,1
-0.09198432430190664,-0.29585149774418035,1
-0.3537091923588712,0.21535788030817404,1
-0.32959857635877315,0.05975494790548977,1
0.30899335711722664,-0.9315228901645674,0
0.01431476027803099,-0.3702660099422335,1
0.32240418695324335,-0.17161835079414253,1
-1.014402407322065,-0.01774900912016721,0
0.22078906799393178,-0.33951751060287777,1
0.8332749149753024,0.4841620840397439,0
-0.25296650040560764,0.35223114190285115,1
-0.19983807915179058,0.957474421745622,0
-0.380638193296856,0.920039240279109,0
0.2348778254741188,0.19692927493507528,1
-0.44311093237757704,0.019651850427875248,1
0.365468936303096,0.014552385636496967,1
0.06031950786181398,-0.3846514763031578,1
-0.4755147941527137,-0.8889525067432684,0
-0.072981130345981,0.3955056252175585,1
-0.4740091836419488,-0.17916729962827926,1
-0.8285015150707244,0.5903074714078658,0
-0.2796983309226279,0.19004944738815757,1
-0.24338401707085272,-0.27998779742619206,1
-0.35857765520186996,0.11896073849482917,1
0.29652548880941243,0.1478829589583619,1
-0.07155183221604323,-0.43446967836480854,1
0.34210533242268154,0.17042832722958542,1
-0.9851315197536213,0.048361848732272346,0
-0.24597278564756492,-0.1785664657898995,1
0.3287830565194544,0.002905150697225692,1
-0.9243581072533185,-0.4843852135677919,0
-0.9879139190569403,0.18604969805973745,0
-0.7750452520582158,0.5995977326219408,0
0.1473092128488323,-0.32727206427655253,1
0.06921285849713633,-0.49169116956460046,1
-0.901449213662567,-0.4645623192237906,0
0.6009528759744046,0.8520755622677721,0
-0.7639096057194544,-0.5042700555247286,0
0.5205527973664785,0.8311623522730469,0
-0.2718310119616652,-0.25231555701693514,1
0.9007679330106757,-0.3006401571309201,0
0.26898723345659936,-0.22705412795217214,1
-0.14480696740423532,-0.29805010369859525,1
-0.30544927087540047,-0.2428418932264475,1
0.40897535689399533,0.17299468761732667,1
-0.473932925694241,0.8139944244608583,0
0.39271032787099125,-0.01947924307513019,1
-0.8115584414797327,0.46971251613961246,0
-0.5733871728422548,-0.8404324657216045,0
-0.9741148442652173,0.010296030133591944,0
0.5342287275590801,-0.8055303121170516,0
-0.26413144014077594,-0.96478284266678,0
-0.823190059238686,-0.5250877196364034,0
0.41069894010675234,0.9696674778831443,0
-0.18517835414732534,0.9614027207955409,0
0.29183920637133953,0.19528286287526603,1
-0.040526778100775804,-0.3517672552868906,1
-0.3156010342099832,0.1441509131585486,1
-0.1228291178176138,-0.4211172200626172,1
-0.10159795154892151,1.006069814438228,0
-0.9324714357755448,0.18331883164464952,0
-0.6983373644508034,0.7054625690745525,0
-0.27041417399632484,0.36102160927226246,1
0.6112880731785799,-0.7588389430834749,0
0.47122317048478785,0.013429671651520265,1
0.9640377631693335,-0.3932921096051089,0
-0.3540078920792998,0.9374222056416586,0
0.0444639719590769,0.41328389291209594,1
0.8265395210254582,0.47306699744488123,0
0.3595913889905922,0.00919231777288245,1
0.16521892554362166,-0.40217122489710283,1
-0.2990965367390423,-0.9481685067645418,0
0.593756338002363,0.8207657484263268,0
0.3820106516867376,-0.3507883713513484,1
0.8942701070340435,-0.42832750938380787,0
-0.805146717859268,0.5739002292963129,0
-0.2363511951129137,0.9338543607134856,0
-0.027311821822781655,0.452292561608513,1
-0.7707379857032168,-0.5396036786885856,0
0.0003190812225036053,-0.3919193613816017,1
-0.24542962447231637,0.3522617648569908,1
0.012654294293292895,-0.37194843838688224,1
0.21368796752503202,0.32250860638832846,1
0.32654797456130485,0.07104451390486625,1
-0.898709580635991,-0.3987330733901288,0
-0.055313033508550824,-0.33485644842592555,1
-0.06791870114684476,0.9303822311929915,0
0.9499391139586605,-0.29887532695054847,0
-0.8359994224773685,-0.5231971311464069,0
0.7399706155225975,-0.537644645248001,0
-0.25265296857706504,-0.37513048750065053,1
-0.008851332645491846,0.3611464698093923,1
-0.3455026720968761,0.11199732809711148,1
0.9886242522943272,-0.010430000683443156,0
-0.32070550803393755,0.14669559387447292,1
0.3814498424448195,-0.0640101593685014,1
-0.6737950005626815,0.6969710816015063,0
0.15000121303967684,-0.951821773033333,0
-0.8043510135099236,-0.48897951785907606,0
0.5614942939617259,-0.9094105424360491,0
0.8136253686046537,0.6546639174469727,0
0.32058773313914724,-0.9543318446977872,0
-0.7430902858500854,0.6206282235848594,0
0.41813612641027,0.08671826072816209,1
-0.06806998825582525,0.32237315041295905,1
-0.06152197669538222,0.43130136536533203,1
0.6499286514392957,0.7679694681542397,0
-0.7590205113412815,-0.5969565371394556,0
-0.034686899862024285,0.43239683537121715,1
-0.2646431198815756,-0.3804842045156213,1
0.07655637724557107,-0.39275054156273226,1
-0.21509380485411975,-0.8691956176910856,0
0.10239670097057799,1.013694798799491,0
0.7950342296637144,-0.6642112033275298,0
-0.4110519584615911,-0.22986755367763817,1
-0.2419176939882808,0.27392247895039806,1
0.6177602208300185,0.7856564144582733,0
-0.294456797204899,-0.8770483956431914,0
-0.9754423072768514,-0.043976732377535584,0
1.0837158732340428,-0.13398922534321717,0
0.011229298418234203,-0.4362759626825042,1
0.2773876451710907,-0.9671273155260482,0
0.3687277682748576,0.9595409450803429,0
0.055716327371547296,0.33049306192165245,1
-0.01010060476172306,-0.40656365684104323,1
-0.48643645820891257,-0.8522894699398732,0
-0.020846602021017527,0.4206603344983921,1
-0.09575099570706413,0.29718606540159503,1
0.8062556535495157,0.5829523936656548,0
-0.13877070397243096,-0.279245373474329,1
-0.10787130497700313,-0.9825548460075807,0
-0.2488382892001116,0.3704351905735461,1
0.09014702740024681,0.9614517807797638,0
-0.5960816000050865,0.7686675813417013,0
0.9471838043294634,-0.1628763377353995,0
0.9932310298213267,0.26534479160503055,0
0.598274856019028,0.8158710588797561,0
-0.9097718678843094,0.13145813478797785,0
0.23046065248968828,-0.19690495375990638,1
-0.600784101180351,-0.7017342382667057,0
0.09841894380279627,-0.36115126392855407,1
0.3392240376016885,0.2479434661230249,1
-0.40865946144263693,0.13716944292107192,1
0.33067491397466436,-0.24009082431637307,1
-0.9574066751660782,-0.5712383662969295,0
-0.39062494988739066,0.07060003215256781,1
-0.9042044788270017,0.39171949403684986,0
0.3193332411531999,0.31919838347752755,1
-0.29692665199699114,0.19471682779179583,1
0.020491676642058046,-0.44403574052809536,1
-0.5766096941977308,-0.8810610842262109,0
0.012447790170365017,-0.36801725362733223,1
-0.3794300812598954,0.02037938672823809,1
0.780439440383718,0.6357254684625592,0
0.7430717053843856,0.6623251736476049,0
-0.28054818803520837,-0.2863163044926194,1
0.3958781991586156,0.0689537722371353,1
-0.9260104207537602,-0.4852714690631093,0
0.9137814712649001,0.2630282834804623,0
-0.4021405280237998,0.19932179624870527,1
0.37870867793371393,-0.016539821045688692,1
1.023705956030314,0.0024494183587659337,0
-0.004048716725063824,-0.9488751475320887,0
0.24736257222615943,0.4020525792061408,1
-0.34805028496113327,-0.10112952758810882,1
0.0448872883214725,0.4564435698067909,1
-0.10899609479443823,0.3783576924139834,1
-0.2649469836368602,1.036179410373409,0
-0.060521738407774486,0.26146862977462704,1
0.1285330344362648,-0.3808506618850468,1
-0.3959747885386693,0.2860077554346858,1
0.19848351955486537,1.0148870750728851,0
0.4043626138766798,0.10939889359904727,1
0.16334961434934436,-0.446737254960778,1
-0.8442236476151724,-0.49942024193929413,0
-0.9312740901662184,-0.46821458487702655,0
-0.0334296532725623,0.41776299991272436,1
-0.2880285155406536,0.9078589556335117,0
0.08581703386315401,-0.912883807142225,0
-1.0060458807871089,-0.2071925592272361,0
1.0391079719499838,-0.11942661354193575,0
-0.16089789260425702,-0.31418847489713764,1
0.3292576478546055,-0.08363716537959826,1
0.09938054176975779,-0.4083359040802329,1
-0.3908808710984544,0.9804480582869904,0
-0.36446412958100155,0.031446574933227195,1
-0.9823869186006638,-0.07257176224815771,0
-0.6577745807170209,0.7011875659672592,0
0.6035641242656961,0.7545622396823247,0
-0.28607098051353763,0.9684049927578184,0
-0.4521667894003704,0.07135748281864072,1
0.38058642784665003,-0.15325187890498534,1
0.3500293620441423,0.12624486689502293,1
0.32744509163543467,-0.07146032858416315,1
-0.343269177072003,0.2810706017052386,1
-0.7683103575088359,-0.6293710419576527,0
0.4180356655082794,-0.08003241610835989,1
0.19166368830838074,-0.35771410525392483,1
-0.11536348004468458,0.3326402490864641,1
0.040683955066902415,0.4461888855999937,1
0.7888698354305138,0.6541398864961121,0
-0.3511048367131851,0.1567038953666262,1
-0.9411135002078399,-0.18969078406598286,0
-0.34977925998313236,-0.2076388342117014,1
0.9517736341605407,0.21129935227937213,0
-0.3299089876814719,-0.8597257615213222,0
0.9465179013649373,0.2725136935137441,0
0.36088967028946917,-0.957716547807337,0
-0.3029039548169358,0.27557443646055796,1
0.10037211573022663,-0.35330701652616453,1
-0.03158489638790893,-0.46036555422265446,1
-0.9898459900840292,0.2257211549845461,0
0.35810586377722486,0.9508546699130325,0
-0.13706862423120855,0.3033817374019871,1
0.15677698526537825,0.32626328020403605,1
-0.32613762323713347,0.1467881506076999,1
-0.38113200182215695,0.050851607215948634,1
-0.02812700728837212,0.39982690385843866,1
0.18767021392055327,0.4108403068999846,1
-0.3992732388749335,-0.32335483110047314,1
0.725829938766244,0.66833852996498,0
-0.0352286043044851,0.4513593972550958,1
-0.7490160541097817,0.6078731881850223,0
0.15589075030693925,0.9533554638760535,0
0.1850599905709,0.30815512819971236,1
-0.12496629446845912,0.3674751175023904,1
-0.0716322913844282,-0.4320233739763247,1
0.005266994504538366,1.003271979601414,0
0.1832636421665879,-0.2805907208750925,1
-0.4170507242917407,-0.0561683359877611,1
-0.039924162098854014,0.43258448709034386,1
0.8580769974595491,-0.5249324487761081,0
-0.33893961457429783,0.030994398770969347,1
-1.0457417647024485,-0.17482612007090892,0
0.9401986932657225,0.42322836660661994,0
-0.39138544107461326,0.10981049527960207,1
0.9517087760047787,-0.15240925086027782,0
0.5033730335722453,-0.9497323821035536,0
-0.9555118431586437,0.01489805794477726,0
0.4633591384044546,-0.9022632029091731,0
0.12185314628605307,0.9955705933201756,0
-0.3627290160254413,-0.14934518448648312,1
0.6154397744845428,-0.7941392987785171,0
0.47731307544405666,0.8689203507314127,0
0.9975048133382017,0.28477679184585014,0
-1.0160140463042047,-0.07276786588915184,0
-0.18626211405680482,-0.3583458233461733,1
-0.3689348627620752,0.22051806743869948,1
1.003743386623364,0.16582306791688647,0
-0.23318362595466818,0.2954830026283192,1
-0.978574509596789,0.3946848235610896,0
0.7613032389864426,0.6687418369972009,0
-0.469330706052913,-0.08289917529067588,1
-0.9689650451775469,-0.3328908698843061,0
-1.140704007513796,0.15167352316634877,0
0.35219058786101154,-0.9610635019650607,0
0.006524156388219552,-0.9395238434607212,0
0.16890869933834754,0.9725607331047124,0
0.5159442103513916,0.8013810549854872,0
0.3483217557245522,-0.2526498956036611,1
0.1672628727469669,0.36149520071103936,1
0.30793207379380433,-0.15253222569035843,1
0.3792096200464923,-0.9055201403324132,0
0.3672806114463218,0.21162369259468453,1
0.14266584467821206,-0.3604569426726963,1
0.3594316282421508,0.05055255585012949,1
0.31789919725243465,0.045009029270282344,1
0.7501743990675873,0.5545602654087247,0
0.9861392513803231,0.28575175042343026,0
0.48784052556356244,-0.10099063779081578,1
0.4216941551203481,0.16871726061795286,1
-0.45512942255795635,0.8659281852452633,0
0.6492286792507821,0.7162279801647189,0
-0.08295267916717917,0.40464427095751243,1
0.7491460067442685,0.6746334980029505,0
-0.13998625090791403,0.36670199298880135,1
0.7022841366928452,-0.7424448893502202,0
-0.024495577991186644,-0.9857300668972757,0
-0.3181733991283782,-0.8520989791016241,0
-0.802291199013371,-0.6310016690828536,0
-0.3921526408582584,0.07355027329207216,1
0.3889077126364485,0.1234293207085816,1
0.6882714608387576,0.6179527606482813,0
-0.13929678580624627,0.3504274907962842,1
0.10680685713409112,-0.37792023567459926,1
0.2194016230731423,0.33045319119601524,1
-0.3695546583708389,-0.2219675404904872,1
-0.01639844075663958,-0.4305475343747152,1
1.0279107165539378,-0.0951688594616427,0
-0.4070202196856671,0.8370261688731753,0
0.8117004100892723,-0.45796101281523177,0
-0.3039105754046373,0.21667518789224333,1
-0.6482654355356953,-0.7292699702509541,0
-0.17390176088604367,0.3363792830366429,1
0.1043127113438634,-1.0189542130339293,0
-0.40432297113506327,0.035824565732678865,1
-0.9964204955572921,0.16102775475647407,0
-0.10482769580500681,0.46611221433387257,1
-0.45602442766539664,-0.1136964239825899,1
-0.8020965964186605,-0.5702194892691701,0
-0.700060403558749,-0.7473274870839968,0
0.942924560884626,-0.19004430263116556,0
-0.7981663390491465,0.5110170167569364,0
0.35051647209701936,0.8648248333640581,0
-0.5325899309272981,0.8886487787122672,0
0.8903894049461796,-0.3269487113936765,0
-0.955760427821386,0.2370996596298239,0
0.39583447984448417,0.007884733852797587,1
0.3269653571050894,-0.35478047229965576,1
0.968737961960878,-0.13104938673627328,0
-0.24114929076530844,0.8769217410692588,0
-0.3591357139184286,-0.8980269549901513,0
-0.39855785599157695,-0.13232063347123568,1
-0.3551393838439859,0.09342492020928406,1
-0.9685137132379091,0.02678195791627427,0
0.4890626220897268,0.7446438809541138,0
0.4027636939978144,0.9921466707198812,0
-0.1360504140764345,0.4035602293591363,1
0.19686133422501953,-0.39261141398768884,1
0.8934781359422141,-0.33675437437750766,0
-0.3267772369126445,-0.090088324428441,1
0.3276232765613801,0.2386691305613902,1
-0.6571400408203739,-0.7873309335443504,0
-0.8769558691495484,0.5705693690687101,0
-0.027825327900598808,-0.4107600642805377,1
-0.3681710453831072,-0.023503480921920172,1
0.43800083635635323,0.9786278496089175,0
-0.41521267356290964,0.8789466639945631,0
-0.027724031910832406,-0.33622290908303026,1
-0.9409868485191624,0.4920096813987169,0
-0.8301706531476829,-0.4749523038027187,0
0.005439218003999359,0.34937226273463123,1
0.13136003518015846,0.2745360060905623,1
0.8369263325833062,0.535740737786483,0
-1.063788317672372,-0.040644423876042446,0
0.07088662842751783,-0.3157989491587713,1
-0.8914054174247141,-0.47705855632142324,0
0.41202756843732263,0.07073793290097491,1
0.15159684596042117,-0.3996482097845404,1
0.3634615702678671,0.17153190518998704,1
-0.33781411596156197,0.1347390051034544,1
0.9213201291270073,-0.39051829555348255,0
-0.2425315645673878,0.26030127227657035,1
0.696087789293701,-0.7372629437794174,0
0.0807097160473626,-0.4114084484912735,1
0.23386457095687274,0.3784756416746522,1
0.8770719534012362,-0.48507696924731514,0
0.6634109766967785,-0.7236415540387171,0
0.81105947156103,-0.5277741526829832,0
0.3537815485287278,-0.014104500488145221,1
0.9268491392051834,-0.3707376666724382,0
0.06866822645499632,-0.39216562198632493,1
-0.24249019257402687,0.9285956061929403,0
-0.9205524689001319,0.3960950539461678,0
-0.42816310186654144,0.011982117571955192,1
-0.24802451531916353,-0.9647661679599029,0
0.26836446622265203,0.9150804754078556,0
0.9355560439393751,0.3835309381390429,0
0.1112675914319362,-0.389012218413203,1
-0.13968201680865028,-1.027399509549896,0
-0.08750807177069192,0.3340284668917513,1
-0.28068039925286103,-0.23554778513596192,1
0.47580365370719124,0.09601068836200717,1
-0.19192439210791354,-0.38314348411224225,1
-0.3943652095673123,-0.19274380982436368,1
-0.15806092866245114,-0.3498441832480093,1
0.12580687680812563,-0.9488521855802721,0
-0.3656333681334606,-0.061449146301384525,1
-0.7894049743309136,0.5779375536949399,0
-1.0009118467605629,-0.05823825832936115,0
-0.7846702257494824,0.6953895063357277,0
-0.06774884556374006,-0.3968234634725828,1
-0.3735808425415141,-0.8680005323447292,0
-0.41688178487465033,-0.15587435430152402,1
-0.3141756573661101,0.9740897365632915,0
0.9343633298118793,0.40106759704506206,0
-0.35704235163094683,-0.19510399225857306,1
-0.6548763931210679,0.8281235081505193,0
0.7016029050933456,0.8794325097024095,0
0.08129893961682581,-0.3533471217779481,1
-0.43255139457462183,0.1042368460023002,1
-0.0904235838386732,0.9201227720567743,0
-0.6084903396767026,-0.8189388044636827,0
0.25530090474635847,0.9270674431079163,0
0.3154072887763208,-0.2721036940552402,1
1.021771833030536,0.12570726427341355,0
-0.39653130679771137,-0.12086553075857409,1
0.3443800824650097,0.08994575375277782,1
-0.9978876849155791,0.20636656702702336,0
0.2324794501368911,-0.3193005626531974,1
0.9568420843073144,0.2825184835346123,0
-0.6550378851726958,0.744004629408856,0
-0.12371439682427253,-0.4073420843522469,1
0.8706469005567622,-0.36801317651809673,0
0.9919151935545358,0.21862476473972622,0
-0.17914627302920058,0.9967092360401724,0
-0.16898955641819188,0.9818292625670142,0
-0.1605605168170698,-0.982623907383269,0
0.08798926744841289,-0.4216913177973102,1
-0.709422158613142,0.6823630555863384,0
-0.03732667924169441,-0.3705224132322791,1
0.709092863041721,0.7124847601284964,0
0.1120746485049941,-0.2946202137769807,1
0.2702925925937584,0.2802778026893909,1
-0.23953183597647545,-0.28172971410192954,1
-0.3070647357175086,0.39905985087482426,1
-0.36913119760227486,0.20325529340914922,1
0.10550306183335482,0.3035125622523482,1
-0.13879064875893146,0.46954603121708893,1
0.41494004096107284,0.8653215176950521,0
0.10136659693730661,0.978179822518055,0
-0.042228059399176995,-0.33922659693542306,1
0.14077296904128805,-0.9120531508101233,0
0.08291259249144527,-0.4343179165723354,1
-0.3926792489446893,0.9379713389260251,0
-0.39119560848937873,-0.24018641594697923,1
0.4926331336997449,0.05565904412244792,1
0.9639008263215424,-0.12056557949093032,0
-0.36953885972564343,-0.9367745054430131,0
0.3737509731671324,0.14203530983394216,1
-0.1721303479751906,-1.0252506856801138,0
-0.21287150560346443,-0.3893094150652687,1
0.5862007469010945,0.7881725897196843,0
-0.3724465853744308,-0.1707724158231591,1
0.31723127039221516,0.24517384227776157,1
0.09170640026468731,-1.020792485983221,0
0.34666229122251635,-0.2200885638473026,1
0.6584594088707983,-0.6812994600662571,0
-0.40127309198499667,-0.044819645907645145,1
0.1759927364823336,0.40013173347953523,1
0.3321936742159237,-0.21211002054143088,1
-0.26036006079475793,1.0288302153590019,0
-0.18373194033996454,-0.9993978017901677,0
0.3929264970468857,-0.0710776878021314,1
0.9644312191090981,0.4796741735575643,0
-1.0617104580651564,-0.29607934335043967,0
0.40093023893424934,0.031295761105685764,1
0.3708320066685311,0.04631218449378884,1
-0.9594510796658674,-0.03425866936691843,0
0.9133428819537555,0.3672564707933761,0
0.12634882934210181,1.006726842039573,0
0.9833842556152682,-0.05941704155456843,0
0.08656913962275278,-0.40892160038795644,1
0.297487162286839,-0.11798457543028394,1
-0.5905622433879263,0.8052534974647284,0
0.8255817764960425,0.4122563664854387,0
0.18495939932045855,0.3283580613717309,1
-0.7001416505091812,0.6203570294190182,0
0.41386542987644986,-0.2424918372911441,1
0.1585124862251537,-0.9317253332469081,0
-0.7960387202213657,0.6758848233247797,0
0.8772302468339487,-0.20399365959896942,0
-0.051147727304093074,0.38890282129095993,1
-0.831369056568381,-0.6147360897881418,0
-0.38447025536486795,0.15388523776883492,1
0.203016348959478,0.2735527532264109,1
-0.7137992728410564,-0.6407454906372658,0
0.1374339455207827,-0.3946238931039386,1
0.028911984510438395,-0.44756801543769337,1
0.09535743865122065,-0.48530460791122615,1
-0.16806825519147703,-0.3747262010054393,1
-0.2977696779420079,0.9360793681896711,0
0.28922204648475286,-0.02425715969405851,1
-0.03719582913515377,-1.0324226241290793,0
0.3099295442640319,0.2185725774447289,1
-0.19619120703384874,0.977363909723907,0
-0.00019827278492491756,-0.3293315807928468,1
0.44704788409953555,0.8632697612618143,0
0.32898398145742797,-0.19454360554912425,1
-0.13300904227003446,-0.3192394297628549,1
-0.41076093080405796,-0.01767794535505753,1
0.7148489962491746,0.7429245533992428,0
0.27395530390514605,-0.4416174265578782,1
-0.013251126920290002,-0.40168942270036967,1
-0.3198377540770165,-0.32873099952728346,1
-0.8592413448289561,-0.607533815450482,0
-0.3139932690828924,-0.2202001904582183,1
-0.2132292505731783,1.00888957627237,0
-1.012153063631063,-0.275930792198388,0
0.33601716122688424,-0.30695413991807274,1
-0.3778389141366731,-0.02363756156041179,1
-0.37559895495856893,-0.13418014410919757,1
0.8106740276310521,-0.4766215417728996,0
0.04983119205326524,-0.3882270854528466,1
-0.7614001539718621,-0.6813443562165272,0
0.36107552453471936,0.13387421861804163,1
0.28498522706040225,0.04699071112758624,1
-0.5042039586458628,0.8234970914995976,0
0.21908943846137266,-0.32010683881850915,1
0.6022793739310635,-0.7467259481321612,0
0.06251044636100703,0.3569260185306543,1
0.3066096131602842,-0.0752016046291924,1
-0.3808530212968203,0.9141285166506534,0
-0.6273649488618848,-0.7468222549200723,0
0.32030348462894936,0.3144912040581303,1
0.9730037017330209,0.08821792519506295,0
-0.6897334845088925,0.8263092984791993,0
-0.10035902502137826,1.110295217078824,0
0.8575149426585331,0.5291939061192996,0
-0.3427461157795877,-0.9515154484774905,0
-0.8686890244096618,-0.5251638423523074,0
-0.9336634668974997,0.17779706650748073,0
-0.9778546911264714,0.10181887488375893,0
-0.301382149493264,-0.9403090351046778,0
-0.1655649822666241,0.8492137874140326,0
0.1095147100595723,-0.45938688644714093,1
0.5951267262321699,0.7771372984335355,0
-0.4760771828663107,-0.0384516662580976,1
-0.502686858632434,0.8974947891734766,0
0.3486500145115391,-1.0496348551996872,0
0.3545761292467476,0.0016540667858270827,1
-0.04552298140020294,0.29048775051375214,1
0.03137656692370273,-0.37405322648068723,1
0.10167203804407839,-0.4136045913241245,1
0.35915193364469467,0.030938432598557154,1
0.9579027565671898,-0.32518228943121913,0
0.23567744547840885,-0.3107894973349107,1
-0.4175716439396665,-0.09001401477047367,1
0.21275413774318677,0.35038162548414503,1
-0.05422191986368789,1.0572862335449222,0
-0.3449743203759579,0.26643760964275215,1
-0.7356050747269927,0.5211083328307445,0
-0.42317478943092424,-0.13440393065945694,1
0.3045490841102326,-0.2296024335394535,1
-0.31686978876250926,1.010871142579287,0
-0.9611003245615045,-0.23386272213609066,0
0.23847867852551397,0.3063045938649689,1
-0.30020806403703587,-0.23507044271624766,1
0.12468786429510442,0.3586356050786891,1
0.7808939042968424,0.5694346376863637,0
0.6502973903137602,-0.8081955419258066,0
0.3973134424346751,0.9327811366304253,0
0.19701083612233497,0.3671899653641954,1
-0.9659204149847126,0.2613583784486992,0
0.3193323327466247,0.3374290252849355,1
-0.4217777417269447,-0.14114711396456164,1
0.33555261841129874,-0.9696871086450005,0
0.8624101095868062,0.5064243293507491,0
0.08407120553389044,0.2822942923925968,1
-1.0437072530768274,-0.45033268606879795,0
-0.19960932552666072,-0.29730769686511543,1
-0.9226361664164637,-0.4140315252039626,0
0.23340902105012762,0.9399230445287144,0
-0.3145375631854454,-0.16784339177874663,1
0.9640208199728597,0.3537495549756157,0
-0.31688709241996854,-0.9016074298288348,0
0.0037175041168941957,-0.41839974576646427,1
-0.1714509901071477,0.9821069266073317,0
-0.1923414974199915,-0.9823543581840269,0
